{
  "model": 1,
  "cameras": {
    "camera": [
      {
        "radius": 1785.0,
        "cx": 640.0,
        "cy": 400.0,
        "w": 1280,
        "h": 800,
        "skew": 0.0,
        "fx": 525.3,
        "fy": 525.0,
        "fov": 190.0,
        "flip": "false",
        "yaw": 0.2,
        "pitch": -1.5,
        "roll": 0.0,
        "D": [ -0.0012, 0.00045, -0.00002, 0.0000007 ],
        "R": [ 0.9999, -0.0052, 0.0105, 0.0053, 0.9999, -0.0018, -0.0104, 0.0019, 0.9999 ],
        "t": [ 0.0, 1380.0, 1420.0 ],
        "c": [ 1.0000, 0.0000, 0.0000 ]
      },
      {
        "radius": 1778.0,
        "cx": 639.5,
        "cy": 398.5,
        "w": 1280,
        "h": 800,
        "skew": 0.0,
        "fx": 524.8,
        "fy": 524.6,
        "fov": 189.5,
        "flip": "false",
        "yaw": 89.8,
        "pitch": -1.2,
        "roll": 0.4,
        "D": [ -0.0013, 0.00040, -0.00002, 0.0000006 ],
        "R": [ 0.0019, -0.9999, 0.0131, 0.9999, 0.0020, -0.0130, 0.0130, 0.0131, 0.9998 ],
        "t": [ 1420.0, 20.0, 1440.0 ],
        "c": [ 0.9990, 0.0015, -0.0008 ]
      },
      {
        "radius": 1790.0,
        "cx": 642.2,
        "cy": 401.8,
        "w": 1280,
        "h": 800,
        "skew": 0.0,
        "fx": 525.7,
        "fy": 525.5,
        "fov": 190.5,
        "flip": "false",
        "yaw": 179.5,
        "pitch": -1.7,
        "roll": 0.1,
        "D": [ -0.0011, 0.00048, -0.00002, 0.0000007 ],
        "R": [ -0.9999, -0.0043, -0.0115, 0.0044, -0.9999, -0.0019, -0.0114, -0.0019, 0.9999 ],
        "t": [ 2.0, -1410.0, 1430.0 ],
        "c": [ 1.0012, -0.0021, 0.0006 ]
      },
      {
        "radius": 1782.0,
        "cx": 638.6,
        "cy": 399.3,
        "w": 1280,
        "h": 800,
        "skew": 0.0,
        "fx": 525.0,
        "fy": 524.8,
        "fov": 189.8,
        "flip": "false",
        "yaw": -89.6,
        "pitch": -1.3,
        "roll": -0.5,
        "D": [ -0.0012, 0.00042, -0.00002, 0.0000006 ],
        "R": [ -0.0041, 0.9999, -0.0127, -0.9999, -0.0042, 0.0125, -0.0126, 0.0127, 0.9998 ],
        "t": [ -1422.0, 18.0, 1435.0 ],
        "c": [ 0.9995, 0.0009, -0.0004 ]
      }
    ]
  }
}
